[
{
    "model": "boleto.bank",
    "pk": 1,
    "fields": {
        "created": "2016-04-18T00:15:53.847Z",
        "modified": "2016-04-18T00:15:53.847Z",
        "active": true,
        "name": "Banco do Brasil"
    }
},
{
    "model": "boleto.bank",
    "pk": 2,
    "fields": {
        "created": "2016-04-18T00:18:05.301Z",
        "modified": "2016-04-18T00:18:05.301Z",
        "active": true,
        "name": "Ita\u00fa"
    }
},
{
    "model": "boleto.bank",
    "pk": 3,
    "fields": {
        "created": "2016-04-23T03:41:39.298Z",
        "modified": "2016-04-23T03:41:39.298Z",
        "active": true,
        "name": "Dinheiro"
    }
},
{
    "model": "boleto.account",
    "pk": 1,
    "fields": {
        "created": "2016-04-18T00:16:16.267Z",
        "modified": "2016-04-18T00:16:16.267Z",
        "active": true,
        "name": "Cc Bb",
        "bank": 1,
        "user": 1
    }
},
{
    "model": "boleto.account",
    "pk": 2,
    "fields": {
        "created": "2016-04-18T00:18:06.813Z",
        "modified": "2016-04-18T00:18:06.813Z",
        "active": true,
        "name": "Cc It",
        "bank": 2,
        "user": 2
    }
},
{
    "model": "boleto.account",
    "pk": 3,
    "fields": {
        "created": "2016-04-18T01:07:09.754Z",
        "modified": "2016-04-18T01:07:09.754Z",
        "active": true,
        "name": "Cart\u00e3o Alimenta\u00e7\u00e3o",
        "bank": 1,
        "user": 1
    }
},
{
    "model": "boleto.account",
    "pk": 4,
    "fields": {
        "created": "2016-04-23T03:41:43.338Z",
        "modified": "2016-04-23T03:41:43.338Z",
        "active": true,
        "name": "Dinheiro (Fi)",
        "bank": 3,
        "user": 1
    }
},
{
    "model": "boleto.benefited",
    "pk": 1,
    "fields": {
        "created": "2016-04-18T00:13:19.091Z",
        "modified": "2016-04-18T00:13:19.091Z",
        "active": true,
        "name": "Texano Grill",
        "extra_info": ""
    }
},
{
    "model": "boleto.benefited",
    "pk": 2,
    "fields": {
        "created": "2016-04-18T00:17:13.697Z",
        "modified": "2016-04-18T00:17:13.697Z",
        "active": true,
        "name": "Vidra\u00e7aria Colombo",
        "extra_info": ""
    }
},
{
    "model": "boleto.benefited",
    "pk": 3,
    "fields": {
        "created": "2016-04-18T00:21:15.856Z",
        "modified": "2016-04-18T00:21:15.856Z",
        "active": true,
        "name": "Floripa Shopping",
        "extra_info": ""
    }
},
{
    "model": "boleto.benefited",
    "pk": 4,
    "fields": {
        "created": "2016-04-18T00:24:11.217Z",
        "modified": "2016-04-18T00:24:11.217Z",
        "active": true,
        "name": "Milium",
        "extra_info": ""
    }
},
{
    "model": "boleto.benefited",
    "pk": 5,
    "fields": {
        "created": "2016-04-18T00:27:17.511Z",
        "modified": "2016-04-18T00:27:17.511Z",
        "active": true,
        "name": "Tok & Stok",
        "extra_info": ""
    }
},
{
    "model": "boleto.benefited",
    "pk": 6,
    "fields": {
        "created": "2016-04-18T00:28:35.302Z",
        "modified": "2016-04-18T00:28:35.302Z",
        "active": true,
        "name": "Angeloni",
        "extra_info": ""
    }
},
{
    "model": "boleto.benefited",
    "pk": 7,
    "fields": {
        "created": "2016-04-18T00:31:11.788Z",
        "modified": "2016-04-18T00:31:11.788Z",
        "active": true,
        "name": "Funcional Gourmet",
        "extra_info": ""
    }
},
{
    "model": "boleto.benefited",
    "pk": 8,
    "fields": {
        "created": "2016-04-18T00:34:20.253Z",
        "modified": "2016-04-18T00:34:20.253Z",
        "active": true,
        "name": "Lojas Americanas",
        "extra_info": ""
    }
},
{
    "model": "boleto.benefited",
    "pk": 9,
    "fields": {
        "created": "2016-04-18T00:35:32.547Z",
        "modified": "2016-04-18T00:35:32.547Z",
        "active": true,
        "name": "Quatro Esta\u00e7\u00f5es",
        "extra_info": ""
    }
},
{
    "model": "boleto.benefited",
    "pk": 10,
    "fields": {
        "created": "2016-04-18T00:39:39.934Z",
        "modified": "2016-04-18T00:39:39.934Z",
        "active": true,
        "name": "Rosa Supermercados",
        "extra_info": ""
    }
},
{
    "model": "boleto.benefited",
    "pk": 11,
    "fields": {
        "created": "2016-04-18T00:43:09.515Z",
        "modified": "2016-04-18T00:43:09.515Z",
        "active": true,
        "name": "Farm\u00e1cia S\u00e3o Jorge",
        "extra_info": ""
    }
},
{
    "model": "boleto.benefited",
    "pk": 12,
    "fields": {
        "created": "2016-04-18T00:47:56.750Z",
        "modified": "2016-04-18T00:47:56.750Z",
        "active": true,
        "name": "Bohemia Hamburgueria",
        "extra_info": ""
    }
},
{
    "model": "boleto.benefited",
    "pk": 13,
    "fields": {
        "created": "2016-04-18T00:53:42.455Z",
        "modified": "2016-04-18T00:53:42.455Z",
        "active": true,
        "name": "The Herd",
        "extra_info": ""
    }
},
{
    "model": "boleto.benefited",
    "pk": 14,
    "fields": {
        "created": "2016-04-18T00:55:14.623Z",
        "modified": "2016-04-18T00:55:14.623Z",
        "active": true,
        "name": "Bieza",
        "extra_info": ""
    }
},
{
    "model": "boleto.benefited",
    "pk": 15,
    "fields": {
        "created": "2016-04-18T00:56:37.841Z",
        "modified": "2016-04-18T00:56:37.841Z",
        "active": true,
        "name": "Posto Parque S\u00e3o Jorge",
        "extra_info": ""
    }
},
{
    "model": "boleto.benefited",
    "pk": 16,
    "fields": {
        "created": "2016-04-18T01:09:08.884Z",
        "modified": "2016-04-18T01:09:08.885Z",
        "active": true,
        "name": "Nacional Supermercados",
        "extra_info": ""
    }
},
{
    "model": "boleto.benefited",
    "pk": 17,
    "fields": {
        "created": "2016-04-18T01:12:13.018Z",
        "modified": "2016-04-18T01:12:13.018Z",
        "active": true,
        "name": "Auto Posto Santa M\u00f4nica",
        "extra_info": ""
    }
},
{
    "model": "boleto.benefited",
    "pk": 18,
    "fields": {
        "created": "2016-04-18T01:14:07.832Z",
        "modified": "2016-04-18T01:14:07.832Z",
        "active": true,
        "name": "Raia Drogasil",
        "extra_info": ""
    }
},
{
    "model": "boleto.benefited",
    "pk": 19,
    "fields": {
        "created": "2016-04-18T01:20:59.175Z",
        "modified": "2016-04-18T01:20:59.175Z",
        "active": true,
        "name": "Ascor Neg\u00f3cios Imobili\u00e1rios",
        "extra_info": ""
    }
},
{
    "model": "boleto.benefited",
    "pk": 20,
    "fields": {
        "created": "2016-04-18T01:23:23.925Z",
        "modified": "2016-04-18T01:23:23.925Z",
        "active": true,
        "name": "Condom\u00ednio Dona It\u00e1lia",
        "extra_info": ""
    }
},
{
    "model": "boleto.benefited",
    "pk": 21,
    "fields": {
        "created": "2016-04-18T01:33:03.665Z",
        "modified": "2016-04-18T01:33:03.665Z",
        "active": true,
        "name": "Celesc",
        "extra_info": ""
    }
},
{
    "model": "boleto.benefited",
    "pk": 22,
    "fields": {
        "created": "2016-04-18T01:46:18.938Z",
        "modified": "2016-04-18T01:46:18.938Z",
        "active": true,
        "name": "Camicado",
        "extra_info": ""
    }
},
{
    "model": "boleto.benefited",
    "pk": 23,
    "fields": {
        "created": "2016-04-23T02:58:31.022Z",
        "modified": "2016-04-23T02:58:31.022Z",
        "active": true,
        "name": "Flora Santa Barbara",
        "extra_info": ""
    }
},
{
    "model": "boleto.benefited",
    "pk": 24,
    "fields": {
        "created": "2016-04-23T03:00:14.553Z",
        "modified": "2016-04-23T03:00:14.553Z",
        "active": true,
        "name": "Devore Shopping",
        "extra_info": ""
    }
},
{
    "model": "boleto.benefited",
    "pk": 25,
    "fields": {
        "created": "2016-04-23T03:04:46.320Z",
        "modified": "2016-04-23T03:04:46.320Z",
        "active": true,
        "name": "Leroy Merlin",
        "extra_info": ""
    }
},
{
    "model": "boleto.benefited",
    "pk": 26,
    "fields": {
        "created": "2016-04-23T03:07:00.290Z",
        "modified": "2016-04-23T03:07:00.290Z",
        "active": true,
        "name": "Havan",
        "extra_info": ""
    }
},
{
    "model": "boleto.benefited",
    "pk": 27,
    "fields": {
        "created": "2016-04-23T03:14:44.062Z",
        "modified": "2016-04-23T03:14:51.489Z",
        "active": true,
        "name": "Panvel",
        "extra_info": ""
    }
},
{
    "model": "boleto.benefited",
    "pk": 28,
    "fields": {
        "created": "2016-04-23T03:21:05.413Z",
        "modified": "2016-04-23T03:21:05.413Z",
        "active": true,
        "name": "Bistek",
        "extra_info": ""
    }
},
{
    "model": "boleto.benefited",
    "pk": 29,
    "fields": {
        "created": "2016-04-23T03:40:54.491Z",
        "modified": "2016-04-23T03:40:54.491Z",
        "active": true,
        "name": "Gilson Chaveiro",
        "extra_info": ""
    }
},
{
    "model": "boleto.bill",
    "pk": 1,
    "fields": {
        "created": "2016-04-18T00:14:21.511Z",
        "modified": "2016-04-18T00:14:32.236Z",
        "active": true,
        "name": "Refei\u00e7\u00e3o",
        "due_date": "2016-04-10",
        "benefited": 1
    }
},
{
    "model": "boleto.bill",
    "pk": 2,
    "fields": {
        "created": "2016-04-18T00:17:29.028Z",
        "modified": "2016-04-18T00:17:29.028Z",
        "active": true,
        "name": "Espelho",
        "due_date": "2016-04-05",
        "benefited": 2
    }
},
{
    "model": "boleto.bill",
    "pk": 3,
    "fields": {
        "created": "2016-04-18T00:24:32.502Z",
        "modified": "2016-04-18T00:24:32.502Z",
        "active": true,
        "name": "Ferramentas",
        "due_date": "2016-04-05",
        "benefited": 4
    }
},
{
    "model": "boleto.bill",
    "pk": 4,
    "fields": {
        "created": "2016-04-18T00:25:51.651Z",
        "modified": "2016-04-18T00:25:51.651Z",
        "active": true,
        "name": "Estacionamento",
        "due_date": "2016-04-10",
        "benefited": 3
    }
},
{
    "model": "boleto.bill",
    "pk": 5,
    "fields": {
        "created": "2016-04-18T00:27:53.345Z",
        "modified": "2016-04-18T00:27:53.345Z",
        "active": true,
        "name": "Utens\u00edlios",
        "due_date": "2016-04-10",
        "benefited": 5
    }
},
{
    "model": "boleto.bill",
    "pk": 6,
    "fields": {
        "created": "2016-04-18T00:29:59.422Z",
        "modified": "2016-04-18T00:29:59.422Z",
        "active": true,
        "name": "Mercado",
        "due_date": "2016-04-03",
        "benefited": 6
    }
},
{
    "model": "boleto.bill",
    "pk": 7,
    "fields": {
        "created": "2016-04-18T00:32:09.404Z",
        "modified": "2016-04-18T00:32:09.404Z",
        "active": true,
        "name": "Mercado",
        "due_date": "2016-04-11",
        "benefited": 7
    }
},
{
    "model": "boleto.bill",
    "pk": 8,
    "fields": {
        "created": "2016-04-18T00:34:49.498Z",
        "modified": "2016-04-18T00:34:49.498Z",
        "active": true,
        "name": "Utens\u00edlios",
        "due_date": "2016-04-09",
        "benefited": 8
    }
},
{
    "model": "boleto.bill",
    "pk": 9,
    "fields": {
        "created": "2016-04-18T00:35:42.400Z",
        "modified": "2016-04-18T00:35:42.400Z",
        "active": true,
        "name": "Refei\u00e7\u00e3o",
        "due_date": "2016-04-09",
        "benefited": 9
    }
},
{
    "model": "boleto.bill",
    "pk": 10,
    "fields": {
        "created": "2016-04-18T00:38:50.994Z",
        "modified": "2016-04-18T00:38:50.994Z",
        "active": true,
        "name": "Refei\u00e7\u00e3o",
        "due_date": "2016-04-02",
        "benefited": 9
    }
},
{
    "model": "boleto.bill",
    "pk": 11,
    "fields": {
        "created": "2016-04-18T00:41:10.834Z",
        "modified": "2016-04-18T00:41:10.834Z",
        "active": true,
        "name": "Mercado",
        "due_date": "2016-04-08",
        "benefited": 10
    }
},
{
    "model": "boleto.bill",
    "pk": 12,
    "fields": {
        "created": "2016-04-18T00:42:14.318Z",
        "modified": "2016-04-18T00:42:14.318Z",
        "active": true,
        "name": "Mercado",
        "due_date": "2016-04-03",
        "benefited": 6
    }
},
{
    "model": "boleto.bill",
    "pk": 13,
    "fields": {
        "created": "2016-04-18T00:43:20.396Z",
        "modified": "2016-04-18T00:43:20.396Z",
        "active": true,
        "name": "Farm\u00e1cia",
        "due_date": "2016-04-03",
        "benefited": 11
    }
},
{
    "model": "boleto.bill",
    "pk": 14,
    "fields": {
        "created": "2016-04-18T00:48:05.360Z",
        "modified": "2016-04-18T00:48:05.361Z",
        "active": true,
        "name": "Cerveja",
        "due_date": "2016-04-08",
        "benefited": 12
    }
},
{
    "model": "boleto.bill",
    "pk": 15,
    "fields": {
        "created": "2016-04-18T00:54:38.373Z",
        "modified": "2016-04-18T00:54:38.374Z",
        "active": true,
        "name": "Refei\u00e7\u00e3o",
        "due_date": "2016-04-04",
        "benefited": 13
    }
},
{
    "model": "boleto.bill",
    "pk": 16,
    "fields": {
        "created": "2016-04-18T00:55:25.208Z",
        "modified": "2016-04-18T00:55:25.208Z",
        "active": true,
        "name": "Refei\u00e7\u00e3o",
        "due_date": "2016-04-05",
        "benefited": 14
    }
},
{
    "model": "boleto.bill",
    "pk": 17,
    "fields": {
        "created": "2016-04-18T00:57:57.525Z",
        "modified": "2016-04-18T00:57:57.525Z",
        "active": true,
        "name": "Cerveja",
        "due_date": "2016-03-29",
        "benefited": 15
    }
},
{
    "model": "boleto.bill",
    "pk": 18,
    "fields": {
        "created": "2016-04-18T01:06:06.957Z",
        "modified": "2016-04-18T01:06:21.033Z",
        "active": true,
        "name": "Mercado",
        "due_date": "2016-04-17",
        "benefited": 10
    }
},
{
    "model": "boleto.bill",
    "pk": 19,
    "fields": {
        "created": "2016-04-18T01:10:01.243Z",
        "modified": "2016-04-18T01:10:01.243Z",
        "active": true,
        "name": "Mercado",
        "due_date": "2016-04-10",
        "benefited": 16
    }
},
{
    "model": "boleto.bill",
    "pk": 20,
    "fields": {
        "created": "2016-04-18T01:12:24.302Z",
        "modified": "2016-04-18T01:12:24.302Z",
        "active": true,
        "name": "Combust\u00edvel",
        "due_date": "2016-04-04",
        "benefited": 17
    }
},
{
    "model": "boleto.bill",
    "pk": 21,
    "fields": {
        "created": "2016-04-18T01:14:23.546Z",
        "modified": "2016-04-18T01:14:40.428Z",
        "active": true,
        "name": "Farm\u00e1cia",
        "due_date": "2016-04-15",
        "benefited": 18
    }
},
{
    "model": "boleto.bill",
    "pk": 22,
    "fields": {
        "created": "2016-04-18T01:16:11.273Z",
        "modified": "2016-04-18T01:16:11.273Z",
        "active": true,
        "name": "Mercado",
        "due_date": "2016-04-16",
        "benefited": 16
    }
},
{
    "model": "boleto.bill",
    "pk": 23,
    "fields": {
        "created": "2016-04-18T01:21:51.838Z",
        "modified": "2016-04-18T01:21:51.838Z",
        "active": true,
        "name": "Aluguel",
        "due_date": "2016-04-05",
        "benefited": 19
    }
},
{
    "model": "boleto.bill",
    "pk": 24,
    "fields": {
        "created": "2016-04-18T01:27:35.262Z",
        "modified": "2016-04-18T01:27:52.848Z",
        "active": true,
        "name": "Condom\u00ednio",
        "due_date": "2016-04-10",
        "benefited": 20
    }
},
{
    "model": "boleto.bill",
    "pk": 25,
    "fields": {
        "created": "2016-04-18T01:29:57.621Z",
        "modified": "2016-04-18T01:29:57.621Z",
        "active": true,
        "name": "Utens\u00edlios",
        "due_date": "2016-04-18",
        "benefited": 8
    }
},
{
    "model": "boleto.bill",
    "pk": 26,
    "fields": {
        "created": "2016-04-18T01:31:22.059Z",
        "modified": "2016-04-18T01:31:22.059Z",
        "active": true,
        "name": "Utens\u00edlios",
        "due_date": "2016-03-26",
        "benefited": 6
    }
},
{
    "model": "boleto.bill",
    "pk": 27,
    "fields": {
        "created": "2016-04-18T01:34:00.242Z",
        "modified": "2016-04-18T01:34:00.242Z",
        "active": true,
        "name": "Luz",
        "due_date": "2016-04-27",
        "benefited": 21
    }
},
{
    "model": "boleto.bill",
    "pk": 28,
    "fields": {
        "created": "2016-04-18T01:36:08.947Z",
        "modified": "2016-04-18T01:36:08.947Z",
        "active": true,
        "name": "Mercado",
        "due_date": "2016-04-04",
        "benefited": 10
    }
},
{
    "model": "boleto.bill",
    "pk": 29,
    "fields": {
        "created": "2016-04-18T01:44:33.690Z",
        "modified": "2016-04-18T01:44:33.690Z",
        "active": true,
        "name": "Ferramentas",
        "due_date": "2016-04-01",
        "benefited": 4
    }
},
{
    "model": "boleto.bill",
    "pk": 30,
    "fields": {
        "created": "2016-04-18T01:49:09.146Z",
        "modified": "2016-04-18T01:49:09.146Z",
        "active": true,
        "name": "Utens\u00edlios",
        "due_date": "2016-04-02",
        "benefited": 22
    }
},
{
    "model": "boleto.bill",
    "pk": 31,
    "fields": {
        "created": "2016-04-23T02:43:18.157Z",
        "modified": "2016-04-23T02:43:38.514Z",
        "active": true,
        "name": "Ventilador",
        "due_date": "2016-04-19",
        "benefited": 6
    }
},
{
    "model": "boleto.bill",
    "pk": 32,
    "fields": {
        "created": "2016-04-23T02:48:14.586Z",
        "modified": "2016-04-23T02:48:14.586Z",
        "active": true,
        "name": "Mercado",
        "due_date": "2016-04-19",
        "benefited": 6
    }
},
{
    "model": "boleto.bill",
    "pk": 33,
    "fields": {
        "created": "2016-04-23T02:53:06.527Z",
        "modified": "2016-04-23T02:53:06.527Z",
        "active": true,
        "name": "Lanche",
        "due_date": "2016-04-11",
        "benefited": 15
    }
},
{
    "model": "boleto.bill",
    "pk": 34,
    "fields": {
        "created": "2016-04-23T02:56:45.847Z",
        "modified": "2016-04-23T02:56:45.847Z",
        "active": true,
        "name": "Mercado",
        "due_date": "2016-04-18",
        "benefited": 10
    }
},
{
    "model": "boleto.bill",
    "pk": 35,
    "fields": {
        "created": "2016-04-23T02:58:47.030Z",
        "modified": "2016-04-23T02:58:47.030Z",
        "active": true,
        "name": "Flores",
        "due_date": "2016-04-03",
        "benefited": 23
    }
},
{
    "model": "boleto.bill",
    "pk": 36,
    "fields": {
        "created": "2016-04-23T03:00:42.261Z",
        "modified": "2016-04-23T03:01:37.454Z",
        "active": true,
        "name": "Creme",
        "due_date": "2016-04-08",
        "benefited": 24
    }
},
{
    "model": "boleto.bill",
    "pk": 37,
    "fields": {
        "created": "2016-04-23T03:03:17.174Z",
        "modified": "2016-04-23T03:03:17.174Z",
        "active": true,
        "name": "Utens\u00edlios",
        "due_date": "2016-03-26",
        "benefited": 4
    }
},
{
    "model": "boleto.bill",
    "pk": 38,
    "fields": {
        "created": "2016-04-23T03:05:12.584Z",
        "modified": "2016-04-23T03:05:12.585Z",
        "active": true,
        "name": "Utens\u00edlios",
        "due_date": "2016-03-20",
        "benefited": 25
    }
},
{
    "model": "boleto.bill",
    "pk": 39,
    "fields": {
        "created": "2016-04-23T03:08:49.875Z",
        "modified": "2016-04-23T03:08:49.875Z",
        "active": true,
        "name": "Utens\u00edlios",
        "due_date": "2016-03-26",
        "benefited": 26
    }
},
{
    "model": "boleto.bill",
    "pk": 40,
    "fields": {
        "created": "2016-04-23T03:11:06.122Z",
        "modified": "2016-04-23T03:11:06.122Z",
        "active": true,
        "name": "Utens\u00edlios",
        "due_date": "2016-03-26",
        "benefited": 5
    }
},
{
    "model": "boleto.bill",
    "pk": 41,
    "fields": {
        "created": "2016-04-23T03:12:09.485Z",
        "modified": "2016-04-23T03:12:09.486Z",
        "active": true,
        "name": "Utens\u00edlios",
        "due_date": "2016-03-20",
        "benefited": 8
    }
},
{
    "model": "boleto.bill",
    "pk": 42,
    "fields": {
        "created": "2016-04-23T03:15:39.797Z",
        "modified": "2016-04-23T03:15:39.797Z",
        "active": true,
        "name": "Pessoal",
        "due_date": "2016-04-02",
        "benefited": 27
    }
},
{
    "model": "boleto.bill",
    "pk": 43,
    "fields": {
        "created": "2016-04-23T03:20:26.075Z",
        "modified": "2016-04-23T03:20:26.076Z",
        "active": true,
        "name": "Utens\u00edlios",
        "due_date": "2016-04-02",
        "benefited": 25
    }
},
{
    "model": "boleto.bill",
    "pk": 44,
    "fields": {
        "created": "2016-04-23T03:36:18.094Z",
        "modified": "2016-04-23T03:39:12.120Z",
        "active": true,
        "name": "Mercado",
        "due_date": "2016-04-02",
        "benefited": 28
    }
},
{
    "model": "boleto.bill",
    "pk": 45,
    "fields": {
        "created": "2016-04-23T03:41:12.422Z",
        "modified": "2016-04-23T03:41:12.422Z",
        "active": true,
        "name": "Chaveiro",
        "due_date": "2016-04-01",
        "benefited": 29
    }
},
{
    "model": "boleto.payment",
    "pk": 1,
    "fields": {
        "created": "2016-04-18T00:16:18.692Z",
        "modified": "2016-04-18T00:16:18.692Z",
        "active": true,
        "bill": 1,
        "date": "2016-04-10",
        "paid_account": 1
    }
},
{
    "model": "boleto.payment",
    "pk": 2,
    "fields": {
        "created": "2016-04-18T00:18:13.472Z",
        "modified": "2016-04-18T00:18:13.472Z",
        "active": true,
        "bill": 2,
        "date": "2016-04-05",
        "paid_account": 2
    }
},
{
    "model": "boleto.payment",
    "pk": 3,
    "fields": {
        "created": "2016-04-18T00:25:28.658Z",
        "modified": "2016-04-18T00:25:28.658Z",
        "active": true,
        "bill": 3,
        "date": "2016-04-05",
        "paid_account": 2
    }
},
{
    "model": "boleto.payment",
    "pk": 4,
    "fields": {
        "created": "2016-04-18T00:25:58.163Z",
        "modified": "2016-04-18T00:25:58.164Z",
        "active": true,
        "bill": 4,
        "date": "2016-04-10",
        "paid_account": 2
    }
},
{
    "model": "boleto.payment",
    "pk": 5,
    "fields": {
        "created": "2016-04-18T00:28:02.019Z",
        "modified": "2016-04-18T00:28:02.019Z",
        "active": true,
        "bill": 5,
        "date": "2016-04-10",
        "paid_account": 2
    }
},
{
    "model": "boleto.payment",
    "pk": 6,
    "fields": {
        "created": "2016-04-18T00:30:15.757Z",
        "modified": "2016-04-18T00:30:15.757Z",
        "active": true,
        "bill": 6,
        "date": "2016-04-03",
        "paid_account": 2
    }
},
{
    "model": "boleto.payment",
    "pk": 7,
    "fields": {
        "created": "2016-04-18T00:32:51.153Z",
        "modified": "2016-04-18T00:32:51.153Z",
        "active": true,
        "bill": 7,
        "date": "2016-04-11",
        "paid_account": 2
    }
},
{
    "model": "boleto.payment",
    "pk": 8,
    "fields": {
        "created": "2016-04-18T00:35:10.636Z",
        "modified": "2016-04-18T00:35:10.637Z",
        "active": true,
        "bill": 8,
        "date": "2016-04-09",
        "paid_account": 1
    }
},
{
    "model": "boleto.payment",
    "pk": 9,
    "fields": {
        "created": "2016-04-18T00:35:48.884Z",
        "modified": "2016-04-18T00:35:48.884Z",
        "active": true,
        "bill": 9,
        "date": "2016-04-09",
        "paid_account": 1
    }
},
{
    "model": "boleto.payment",
    "pk": 10,
    "fields": {
        "created": "2016-04-18T00:38:59.964Z",
        "modified": "2016-04-18T00:38:59.964Z",
        "active": true,
        "bill": 10,
        "date": "2016-04-02",
        "paid_account": 1
    }
},
{
    "model": "boleto.payment",
    "pk": 11,
    "fields": {
        "created": "2016-04-18T00:41:18.996Z",
        "modified": "2016-04-18T00:41:18.996Z",
        "active": true,
        "bill": 11,
        "date": "2016-04-08",
        "paid_account": 1
    }
},
{
    "model": "boleto.payment",
    "pk": 12,
    "fields": {
        "created": "2016-04-18T00:42:24.765Z",
        "modified": "2016-04-18T00:42:24.765Z",
        "active": true,
        "bill": 12,
        "date": "2016-04-03",
        "paid_account": 1
    }
},
{
    "model": "boleto.payment",
    "pk": 13,
    "fields": {
        "created": "2016-04-18T00:46:06.813Z",
        "modified": "2016-04-18T00:46:06.813Z",
        "active": true,
        "bill": 13,
        "date": "2016-04-03",
        "paid_account": 1
    }
},
{
    "model": "boleto.payment",
    "pk": 14,
    "fields": {
        "created": "2016-04-18T00:48:11.251Z",
        "modified": "2016-04-18T00:48:11.251Z",
        "active": true,
        "bill": 14,
        "date": "2016-04-08",
        "paid_account": 1
    }
},
{
    "model": "boleto.payment",
    "pk": 15,
    "fields": {
        "created": "2016-04-18T00:54:45.406Z",
        "modified": "2016-04-18T00:54:45.406Z",
        "active": true,
        "bill": 15,
        "date": "2016-04-04",
        "paid_account": 1
    }
},
{
    "model": "boleto.payment",
    "pk": 16,
    "fields": {
        "created": "2016-04-18T00:55:31.973Z",
        "modified": "2016-04-18T00:55:31.973Z",
        "active": true,
        "bill": 16,
        "date": "2016-04-05",
        "paid_account": 1
    }
},
{
    "model": "boleto.payment",
    "pk": 17,
    "fields": {
        "created": "2016-04-18T00:58:11.102Z",
        "modified": "2016-04-18T00:58:11.102Z",
        "active": true,
        "bill": 17,
        "date": "2016-03-29",
        "paid_account": 1
    }
},
{
    "model": "boleto.payment",
    "pk": 18,
    "fields": {
        "created": "2016-04-18T01:07:12.448Z",
        "modified": "2016-04-18T01:07:12.448Z",
        "active": true,
        "bill": 18,
        "date": "2016-04-17",
        "paid_account": 3
    }
},
{
    "model": "boleto.payment",
    "pk": 19,
    "fields": {
        "created": "2016-04-18T01:11:18.899Z",
        "modified": "2016-04-18T01:11:18.899Z",
        "active": true,
        "bill": 19,
        "date": "2016-04-10",
        "paid_account": 2
    }
},
{
    "model": "boleto.payment",
    "pk": 20,
    "fields": {
        "created": "2016-04-18T01:12:36.844Z",
        "modified": "2016-04-18T01:12:36.844Z",
        "active": true,
        "bill": 20,
        "date": "2016-04-04",
        "paid_account": 2
    }
},
{
    "model": "boleto.payment",
    "pk": 21,
    "fields": {
        "created": "2016-04-18T01:14:57.927Z",
        "modified": "2016-04-18T01:14:57.927Z",
        "active": true,
        "bill": 21,
        "date": "2016-04-15",
        "paid_account": 2
    }
},
{
    "model": "boleto.payment",
    "pk": 22,
    "fields": {
        "created": "2016-04-18T01:16:18.260Z",
        "modified": "2016-04-18T01:16:18.260Z",
        "active": true,
        "bill": 22,
        "date": "2016-04-16",
        "paid_account": 2
    }
},
{
    "model": "boleto.payment",
    "pk": 23,
    "fields": {
        "created": "2016-04-18T01:22:00.175Z",
        "modified": "2016-04-18T01:22:00.175Z",
        "active": true,
        "bill": 23,
        "date": "2016-04-05",
        "paid_account": 1
    }
},
{
    "model": "boleto.payment",
    "pk": 24,
    "fields": {
        "created": "2016-04-18T01:27:57.897Z",
        "modified": "2016-04-18T01:27:57.897Z",
        "active": true,
        "bill": 24,
        "date": "2016-04-09",
        "paid_account": 1
    }
},
{
    "model": "boleto.payment",
    "pk": 25,
    "fields": {
        "created": "2016-04-18T01:30:02.827Z",
        "modified": "2016-04-18T01:30:02.827Z",
        "active": true,
        "bill": 25,
        "date": "2016-04-18",
        "paid_account": 2
    }
},
{
    "model": "boleto.payment",
    "pk": 26,
    "fields": {
        "created": "2016-04-18T01:31:35.185Z",
        "modified": "2016-04-18T01:31:35.185Z",
        "active": true,
        "bill": 26,
        "date": "2016-03-26",
        "paid_account": 2
    }
},
{
    "model": "boleto.payment",
    "pk": 27,
    "fields": {
        "created": "2016-04-18T01:42:49.800Z",
        "modified": "2016-04-18T01:42:49.800Z",
        "active": true,
        "bill": 28,
        "date": "2016-04-04",
        "paid_account": 1
    }
},
{
    "model": "boleto.payment",
    "pk": 28,
    "fields": {
        "created": "2016-04-18T01:44:50.985Z",
        "modified": "2016-04-18T01:44:50.986Z",
        "active": true,
        "bill": 29,
        "date": "2016-04-01",
        "paid_account": 1
    }
},
{
    "model": "boleto.payment",
    "pk": 29,
    "fields": {
        "created": "2016-04-18T01:49:15.234Z",
        "modified": "2016-04-18T01:49:15.234Z",
        "active": true,
        "bill": 30,
        "date": "2016-04-02",
        "paid_account": 2
    }
},
{
    "model": "boleto.payment",
    "pk": 30,
    "fields": {
        "created": "2016-04-23T02:43:26.129Z",
        "modified": "2016-04-23T02:44:54.556Z",
        "active": true,
        "bill": 31,
        "date": "2016-04-19",
        "paid_account": 2
    }
},
{
    "model": "boleto.payment",
    "pk": 31,
    "fields": {
        "created": "2016-04-23T02:48:22.670Z",
        "modified": "2016-04-23T02:48:22.670Z",
        "active": true,
        "bill": 32,
        "date": "2016-04-19",
        "paid_account": 2
    }
},
{
    "model": "boleto.payment",
    "pk": 32,
    "fields": {
        "created": "2016-04-23T02:53:35.982Z",
        "modified": "2016-04-23T02:53:35.983Z",
        "active": true,
        "bill": 33,
        "date": "2016-04-11",
        "paid_account": 2
    }
},
{
    "model": "boleto.payment",
    "pk": 33,
    "fields": {
        "created": "2016-04-23T02:56:55.424Z",
        "modified": "2016-04-23T02:56:55.424Z",
        "active": true,
        "bill": 34,
        "date": "2016-04-18",
        "paid_account": 3
    }
},
{
    "model": "boleto.payment",
    "pk": 34,
    "fields": {
        "created": "2016-04-23T02:58:53.651Z",
        "modified": "2016-04-23T02:58:53.651Z",
        "active": true,
        "bill": 35,
        "date": "2016-04-03",
        "paid_account": 2
    }
},
{
    "model": "boleto.payment",
    "pk": 35,
    "fields": {
        "created": "2016-04-23T03:00:56.412Z",
        "modified": "2016-04-23T03:01:39.398Z",
        "active": true,
        "bill": 36,
        "date": "2016-04-08",
        "paid_account": 2
    }
},
{
    "model": "boleto.payment",
    "pk": 36,
    "fields": {
        "created": "2016-04-23T03:03:34.270Z",
        "modified": "2016-04-23T03:03:34.270Z",
        "active": true,
        "bill": 37,
        "date": "2016-03-26",
        "paid_account": 2
    }
},
{
    "model": "boleto.payment",
    "pk": 37,
    "fields": {
        "created": "2016-04-23T03:05:28.403Z",
        "modified": "2016-04-23T03:05:28.403Z",
        "active": true,
        "bill": 38,
        "date": "2016-03-20",
        "paid_account": 2
    }
},
{
    "model": "boleto.payment",
    "pk": 38,
    "fields": {
        "created": "2016-04-23T03:08:56.678Z",
        "modified": "2016-04-23T03:08:56.678Z",
        "active": true,
        "bill": 39,
        "date": "2016-03-26",
        "paid_account": 2
    }
},
{
    "model": "boleto.payment",
    "pk": 39,
    "fields": {
        "created": "2016-04-23T03:11:13.392Z",
        "modified": "2016-04-23T03:11:13.392Z",
        "active": true,
        "bill": 40,
        "date": "2016-03-26",
        "paid_account": 2
    }
},
{
    "model": "boleto.payment",
    "pk": 40,
    "fields": {
        "created": "2016-04-23T03:12:21.087Z",
        "modified": "2016-04-23T03:12:21.087Z",
        "active": true,
        "bill": 41,
        "date": "2016-03-20",
        "paid_account": 2
    }
},
{
    "model": "boleto.payment",
    "pk": 41,
    "fields": {
        "created": "2016-04-23T03:15:53.046Z",
        "modified": "2016-04-23T03:15:53.046Z",
        "active": true,
        "bill": 42,
        "date": "2016-04-02",
        "paid_account": 1
    }
},
{
    "model": "boleto.payment",
    "pk": 42,
    "fields": {
        "created": "2016-04-23T03:20:32.461Z",
        "modified": "2016-04-23T03:20:32.461Z",
        "active": true,
        "bill": 43,
        "date": "2016-04-02",
        "paid_account": 2
    }
},
{
    "model": "boleto.payment",
    "pk": 43,
    "fields": {
        "created": "2016-04-23T03:36:44.265Z",
        "modified": "2016-04-23T03:39:14.096Z",
        "active": true,
        "bill": 44,
        "date": "2016-04-02",
        "paid_account": 2
    }
},
{
    "model": "boleto.payment",
    "pk": 44,
    "fields": {
        "created": "2016-04-23T03:41:45.292Z",
        "modified": "2016-04-23T03:41:45.292Z",
        "active": true,
        "bill": 45,
        "date": "2016-04-01",
        "paid_account": 4
    }
},
{
    "model": "boleto.item",
    "pk": 1,
    "fields": {
        "created": "2016-04-18T00:14:21.514Z",
        "modified": "2016-04-18T00:14:21.514Z",
        "active": true,
        "name": "Refei\u00e7\u00e3o",
        "bill": 1,
        "value": "21.10",
        "amount": 1,
        "user": 1,
        "extra_info": ""
    }
},
{
    "model": "boleto.item",
    "pk": 2,
    "fields": {
        "created": "2016-04-18T00:14:21.515Z",
        "modified": "2016-04-18T00:14:32.239Z",
        "active": true,
        "name": "Ice Tea Lipton",
        "bill": 1,
        "value": "5.00",
        "amount": 1,
        "user": 1,
        "extra_info": ""
    }
},
{
    "model": "boleto.item",
    "pk": 3,
    "fields": {
        "created": "2016-04-18T00:17:29.031Z",
        "modified": "2016-04-18T00:17:29.031Z",
        "active": true,
        "name": "Espelho",
        "bill": 2,
        "value": "95.00",
        "amount": 1,
        "user": null,
        "extra_info": ""
    }
},
{
    "model": "boleto.item",
    "pk": 4,
    "fields": {
        "created": "2016-04-18T00:24:32.504Z",
        "modified": "2016-04-18T00:24:32.504Z",
        "active": true,
        "name": "Fita Scotch Fixa Forte",
        "bill": 3,
        "value": "19.90",
        "amount": 1,
        "user": null,
        "extra_info": ""
    }
},
{
    "model": "boleto.item",
    "pk": 5,
    "fields": {
        "created": "2016-04-18T00:25:51.653Z",
        "modified": "2016-04-18T00:25:51.653Z",
        "active": true,
        "name": "Estacionamento",
        "bill": 4,
        "value": "5.00",
        "amount": 1,
        "user": null,
        "extra_info": ""
    }
},
{
    "model": "boleto.item",
    "pk": 6,
    "fields": {
        "created": "2016-04-18T00:27:53.348Z",
        "modified": "2016-04-18T00:27:53.348Z",
        "active": true,
        "name": "Espremedor de alho Neves",
        "bill": 5,
        "value": "38.50",
        "amount": 1,
        "user": null,
        "extra_info": ""
    }
},
{
    "model": "boleto.item",
    "pk": 7,
    "fields": {
        "created": "2016-04-18T00:27:53.349Z",
        "modified": "2016-04-18T00:27:53.350Z",
        "active": true,
        "name": "Moli Handle Lanterna 20cm",
        "bill": 5,
        "value": "62.90",
        "amount": 1,
        "user": null,
        "extra_info": ""
    }
},
{
    "model": "boleto.item",
    "pk": 8,
    "fields": {
        "created": "2016-04-18T00:29:59.424Z",
        "modified": "2016-04-18T00:29:59.424Z",
        "active": true,
        "name": "Toalha de rosto Atlantica Promo\u00e7\u00e3o",
        "bill": 6,
        "value": "7.90",
        "amount": 1,
        "user": null,
        "extra_info": ""
    }
},
{
    "model": "boleto.item",
    "pk": 9,
    "fields": {
        "created": "2016-04-18T00:29:59.425Z",
        "modified": "2016-04-18T00:29:59.425Z",
        "active": true,
        "name": "Protetor Colch\u00e3o Edromania Queen",
        "bill": 6,
        "value": "89.90",
        "amount": 1,
        "user": null,
        "extra_info": ""
    }
},
{
    "model": "boleto.item",
    "pk": 10,
    "fields": {
        "created": "2016-04-18T00:29:59.426Z",
        "modified": "2016-04-18T00:29:59.426Z",
        "active": true,
        "name": "Escorredor OU Talheres PT",
        "bill": 6,
        "value": "24.90",
        "amount": 1,
        "user": null,
        "extra_info": ""
    }
},
{
    "model": "boleto.item",
    "pk": 11,
    "fields": {
        "created": "2016-04-18T00:29:59.427Z",
        "modified": "2016-04-18T00:29:59.427Z",
        "active": true,
        "name": "Refil Eletr Raid 45 Noites",
        "bill": 6,
        "value": "7.29",
        "amount": 1,
        "user": null,
        "extra_info": ""
    }
},
{
    "model": "boleto.item",
    "pk": 12,
    "fields": {
        "created": "2016-04-18T00:32:09.406Z",
        "modified": "2016-04-18T00:32:09.406Z",
        "active": true,
        "name": "Sal Rosa do himalaia c/ moedor",
        "bill": 7,
        "value": "15.00",
        "amount": 1,
        "user": null,
        "extra_info": ""
    }
},
{
    "model": "boleto.item",
    "pk": 13,
    "fields": {
        "created": "2016-04-18T00:32:09.407Z",
        "modified": "2016-04-18T00:32:09.407Z",
        "active": true,
        "name": "Pimenta do Reino c/ moedor",
        "bill": 7,
        "value": "15.00",
        "amount": 1,
        "user": null,
        "extra_info": ""
    }
},
{
    "model": "boleto.item",
    "pk": 14,
    "fields": {
        "created": "2016-04-18T00:32:09.408Z",
        "modified": "2016-04-18T00:32:09.408Z",
        "active": true,
        "name": "Massa Milho Spaghetti",
        "bill": 7,
        "value": "10.00",
        "amount": 1,
        "user": null,
        "extra_info": ""
    }
},
{
    "model": "boleto.item",
    "pk": 15,
    "fields": {
        "created": "2016-04-18T00:32:09.409Z",
        "modified": "2016-04-18T00:32:09.409Z",
        "active": true,
        "name": "Muffin Funcional",
        "bill": 7,
        "value": "4.50",
        "amount": 1,
        "user": null,
        "extra_info": ""
    }
},
{
    "model": "boleto.item",
    "pk": 16,
    "fields": {
        "created": "2016-04-18T00:34:49.501Z",
        "modified": "2016-04-18T00:34:49.501Z",
        "active": true,
        "name": "Antena Miniparab\u00f3lica",
        "bill": 8,
        "value": "39.99",
        "amount": 1,
        "user": null,
        "extra_info": ""
    }
},
{
    "model": "boleto.item",
    "pk": 17,
    "fields": {
        "created": "2016-04-18T00:35:42.402Z",
        "modified": "2016-04-18T00:35:42.402Z",
        "active": true,
        "name": "Refei\u00e7\u00f5es",
        "bill": 9,
        "value": "51.19",
        "amount": 1,
        "user": null,
        "extra_info": ""
    }
},
{
    "model": "boleto.item",
    "pk": 18,
    "fields": {
        "created": "2016-04-18T00:38:50.997Z",
        "modified": "2016-04-18T00:38:50.997Z",
        "active": true,
        "name": "Refei\u00e7\u00f5es",
        "bill": 10,
        "value": "50.90",
        "amount": 1,
        "user": null,
        "extra_info": ""
    }
},
{
    "model": "boleto.item",
    "pk": 19,
    "fields": {
        "created": "2016-04-18T00:41:10.837Z",
        "modified": "2016-04-18T00:41:10.837Z",
        "active": true,
        "name": "Ice Tea Le\u00e3o",
        "bill": 11,
        "value": "5.87",
        "amount": 1,
        "user": null,
        "extra_info": ""
    }
},
{
    "model": "boleto.item",
    "pk": 20,
    "fields": {
        "created": "2016-04-18T00:41:10.839Z",
        "modified": "2016-04-18T00:41:10.839Z",
        "active": true,
        "name": "P\u00e3o Trigo",
        "bill": 11,
        "value": "2.66",
        "amount": 1,
        "user": null,
        "extra_info": "Churrasco com Tonho e Deh"
    }
},
{
    "model": "boleto.item",
    "pk": 21,
    "fields": {
        "created": "2016-04-18T00:41:10.840Z",
        "modified": "2016-04-18T00:41:10.840Z",
        "active": true,
        "name": "Sabonete Nivea Erva Lim\u00e3o",
        "bill": 11,
        "value": "1.69",
        "amount": 1,
        "user": null,
        "extra_info": ""
    }
},
{
    "model": "boleto.item",
    "pk": 22,
    "fields": {
        "created": "2016-04-18T00:41:10.841Z",
        "modified": "2016-04-18T00:41:10.841Z",
        "active": true,
        "name": "Farinha Tup\u00e3",
        "bill": 11,
        "value": "4.39",
        "amount": 1,
        "user": null,
        "extra_info": ""
    }
},
{
    "model": "boleto.item",
    "pk": 23,
    "fields": {
        "created": "2016-04-18T00:42:14.320Z",
        "modified": "2016-04-18T00:42:14.320Z",
        "active": true,
        "name": "Cerveja Sol Premium",
        "bill": 12,
        "value": "2.89",
        "amount": 5,
        "user": null,
        "extra_info": "Churrasco nos Gomes de Freitas"
    }
},
{
    "model": "boleto.item",
    "pk": 24,
    "fields": {
        "created": "2016-04-18T00:43:20.398Z",
        "modified": "2016-04-18T00:43:20.398Z",
        "active": true,
        "name": "Cortador de Unha",
        "bill": 13,
        "value": "5.99",
        "amount": 1,
        "user": null,
        "extra_info": ""
    }
},
{
    "model": "boleto.item",
    "pk": 25,
    "fields": {
        "created": "2016-04-18T00:48:05.363Z",
        "modified": "2016-04-18T00:48:05.363Z",
        "active": true,
        "name": "Cerveja",
        "bill": 14,
        "value": "12.00",
        "amount": 1,
        "user": 1,
        "extra_info": ""
    }
},
{
    "model": "boleto.item",
    "pk": 26,
    "fields": {
        "created": "2016-04-18T00:54:38.376Z",
        "modified": "2016-04-18T00:54:38.376Z",
        "active": true,
        "name": "Refei\u00e7\u00e3o",
        "bill": 15,
        "value": "33.00",
        "amount": 1,
        "user": 1,
        "extra_info": ""
    }
},
{
    "model": "boleto.item",
    "pk": 27,
    "fields": {
        "created": "2016-04-18T00:55:25.210Z",
        "modified": "2016-04-18T00:55:25.210Z",
        "active": true,
        "name": "Refei\u00e7\u00e3o",
        "bill": 16,
        "value": "12.05",
        "amount": 1,
        "user": 1,
        "extra_info": ""
    }
},
{
    "model": "boleto.item",
    "pk": 28,
    "fields": {
        "created": "2016-04-18T00:57:57.527Z",
        "modified": "2016-04-18T00:57:57.527Z",
        "active": true,
        "name": "Cerveja Eisenbahn",
        "bill": 17,
        "value": "6.99",
        "amount": 3,
        "user": 1,
        "extra_info": "Com Tonho"
    }
},
{
    "model": "boleto.item",
    "pk": 29,
    "fields": {
        "created": "2016-04-18T00:57:57.528Z",
        "modified": "2016-04-18T00:57:57.528Z",
        "active": true,
        "name": "Gelo",
        "bill": 17,
        "value": "8.99",
        "amount": 1,
        "user": 1,
        "extra_info": ""
    }
},
{
    "model": "boleto.item",
    "pk": 30,
    "fields": {
        "created": "2016-04-18T01:06:06.959Z",
        "modified": "2016-04-18T01:06:06.959Z",
        "active": true,
        "name": "Ovo Assing Grande",
        "bill": 18,
        "value": "5.69",
        "amount": 1,
        "user": null,
        "extra_info": ""
    }
},
{
    "model": "boleto.item",
    "pk": 31,
    "fields": {
        "created": "2016-04-18T01:06:06.960Z",
        "modified": "2016-04-18T01:06:06.960Z",
        "active": true,
        "name": "Molho Hemmer",
        "bill": 18,
        "value": "5.99",
        "amount": 1,
        "user": null,
        "extra_info": ""
    }
},
{
    "model": "boleto.item",
    "pk": 32,
    "fields": {
        "created": "2016-04-18T01:06:06.961Z",
        "modified": "2016-04-18T01:06:06.961Z",
        "active": true,
        "name": "Tomate",
        "bill": 18,
        "value": "0.87",
        "amount": 1,
        "user": null,
        "extra_info": ""
    }
},
{
    "model": "boleto.item",
    "pk": 33,
    "fields": {
        "created": "2016-04-18T01:06:06.962Z",
        "modified": "2016-04-18T01:06:06.962Z",
        "active": true,
        "name": "Cebola",
        "bill": 18,
        "value": "0.92",
        "amount": 1,
        "user": null,
        "extra_info": ""
    }
},
{
    "model": "boleto.item",
    "pk": 34,
    "fields": {
        "created": "2016-04-18T01:06:06.963Z",
        "modified": "2016-04-18T01:06:06.963Z",
        "active": true,
        "name": "Sabonete Nivea Erva Lim\u00e3o",
        "bill": 18,
        "value": "1.69",
        "amount": 2,
        "user": null,
        "extra_info": ""
    }
},
{
    "model": "boleto.item",
    "pk": 35,
    "fields": {
        "created": "2016-04-18T01:06:06.964Z",
        "modified": "2016-04-18T01:06:06.964Z",
        "active": true,
        "name": "Ch\u00e1 Feel Good Verde",
        "bill": 18,
        "value": "5.99",
        "amount": 2,
        "user": null,
        "extra_info": ""
    }
},
{
    "model": "boleto.item",
    "pk": 36,
    "fields": {
        "created": "2016-04-18T01:10:01.245Z",
        "modified": "2016-04-18T01:10:01.245Z",
        "active": true,
        "name": "\u00c1gua de Coco",
        "bill": 19,
        "value": "6.98",
        "amount": 1,
        "user": null,
        "extra_info": ""
    }
},
{
    "model": "boleto.item",
    "pk": 37,
    "fields": {
        "created": "2016-04-18T01:10:01.246Z",
        "modified": "2016-04-18T01:10:01.246Z",
        "active": true,
        "name": "Refrigerante Citrus",
        "bill": 19,
        "value": "3.99",
        "amount": 1,
        "user": null,
        "extra_info": "Passaram por engano. Era um Ice tea."
    }
},
{
    "model": "boleto.item",
    "pk": 38,
    "fields": {
        "created": "2016-04-18T01:12:24.304Z",
        "modified": "2016-04-18T01:12:24.304Z",
        "active": true,
        "name": "Gasolina",
        "bill": 20,
        "value": "80.00",
        "amount": 1,
        "user": null,
        "extra_info": ""
    }
},
{
    "model": "boleto.item",
    "pk": 39,
    "fields": {
        "created": "2016-04-18T01:14:23.548Z",
        "modified": "2016-04-18T01:14:23.548Z",
        "active": true,
        "name": "Dove Desodorante",
        "bill": 21,
        "value": "15.39",
        "amount": 1,
        "user": null,
        "extra_info": ""
    }
},
{
    "model": "boleto.item",
    "pk": 40,
    "fields": {
        "created": "2016-04-18T01:14:40.432Z",
        "modified": "2016-04-18T01:14:40.432Z",
        "active": true,
        "name": "Needs Demaquilante",
        "bill": 21,
        "value": "18.99",
        "amount": 1,
        "user": null,
        "extra_info": ""
    }
},
{
    "model": "boleto.item",
    "pk": 41,
    "fields": {
        "created": "2016-04-18T01:16:11.276Z",
        "modified": "2016-04-18T01:16:11.276Z",
        "active": true,
        "name": "Ilimo X14",
        "bill": 22,
        "value": "15.48",
        "amount": 1,
        "user": null,
        "extra_info": ""
    }
},
{
    "model": "boleto.item",
    "pk": 42,
    "fields": {
        "created": "2016-04-18T01:16:11.277Z",
        "modified": "2016-04-18T01:16:11.277Z",
        "active": true,
        "name": "Escova M\u00e3o",
        "bill": 22,
        "value": "5.90",
        "amount": 1,
        "user": null,
        "extra_info": ""
    }
},
{
    "model": "boleto.item",
    "pk": 43,
    "fields": {
        "created": "2016-04-18T01:21:51.840Z",
        "modified": "2016-04-18T01:21:51.840Z",
        "active": true,
        "name": "Aluguel",
        "bill": 23,
        "value": "159.66",
        "amount": 1,
        "user": null,
        "extra_info": ""
    }
},
{
    "model": "boleto.item",
    "pk": 44,
    "fields": {
        "created": "2016-04-18T01:21:51.842Z",
        "modified": "2016-04-18T01:21:51.842Z",
        "active": true,
        "name": "Iptu",
        "bill": 23,
        "value": "76.61",
        "amount": 1,
        "user": null,
        "extra_info": ""
    }
},
{
    "model": "boleto.item",
    "pk": 45,
    "fields": {
        "created": "2016-04-18T01:27:35.264Z",
        "modified": "2016-04-18T01:27:35.264Z",
        "active": true,
        "name": "Despesas de condom\u00ednio",
        "bill": 24,
        "value": "404.46",
        "amount": 1,
        "user": null,
        "extra_info": ""
    }
},
{
    "model": "boleto.item",
    "pk": 46,
    "fields": {
        "created": "2016-04-18T01:27:35.265Z",
        "modified": "2016-04-18T01:27:35.265Z",
        "active": true,
        "name": "Rt. Rep Fundo Reserva",
        "bill": 24,
        "value": "39.02",
        "amount": 1,
        "user": null,
        "extra_info": ""
    }
},
{
    "model": "boleto.item",
    "pk": 47,
    "fields": {
        "created": "2016-04-18T01:27:35.266Z",
        "modified": "2016-04-18T01:27:35.266Z",
        "active": true,
        "name": "Fundo de Reserva 8%",
        "bill": 24,
        "value": "34.99",
        "amount": 1,
        "user": null,
        "extra_info": ""
    }
},
{
    "model": "boleto.item",
    "pk": 48,
    "fields": {
        "created": "2016-04-18T01:27:35.267Z",
        "modified": "2016-04-18T01:27:35.267Z",
        "active": true,
        "name": "Leitura de G\u00e1s",
        "bill": 24,
        "value": "6.81",
        "amount": 1,
        "user": null,
        "extra_info": ""
    }
},
{
    "model": "boleto.item",
    "pk": 49,
    "fields": {
        "created": "2016-04-18T01:27:35.268Z",
        "modified": "2016-04-18T01:27:35.268Z",
        "active": true,
        "name": "Leitura de \u00c1gua",
        "bill": 24,
        "value": "35.79",
        "amount": 1,
        "user": null,
        "extra_info": ""
    }
},
{
    "model": "boleto.item",
    "pk": 50,
    "fields": {
        "created": "2016-04-18T01:27:35.269Z",
        "modified": "2016-04-18T01:27:35.269Z",
        "active": true,
        "name": "Garagens",
        "bill": 24,
        "value": "32.92",
        "amount": 1,
        "user": null,
        "extra_info": ""
    }
},
{
    "model": "boleto.item",
    "pk": 51,
    "fields": {
        "created": "2016-04-18T01:27:52.852Z",
        "modified": "2016-04-18T01:27:52.852Z",
        "active": true,
        "name": "Desconto",
        "bill": 24,
        "value": "-87.48",
        "amount": 1,
        "user": null,
        "extra_info": ""
    }
},
{
    "model": "boleto.item",
    "pk": 52,
    "fields": {
        "created": "2016-04-18T01:29:57.623Z",
        "modified": "2016-04-18T01:29:57.623Z",
        "active": true,
        "name": "Cesto Roupas",
        "bill": 25,
        "value": "19.99",
        "amount": 1,
        "user": null,
        "extra_info": ""
    }
},
{
    "model": "boleto.item",
    "pk": 53,
    "fields": {
        "created": "2016-04-18T01:31:22.062Z",
        "modified": "2016-04-18T01:31:22.062Z",
        "active": true,
        "name": "Chiclete Trident",
        "bill": 26,
        "value": "1.99",
        "amount": 1,
        "user": null,
        "extra_info": ""
    }
},
{
    "model": "boleto.item",
    "pk": 54,
    "fields": {
        "created": "2016-04-18T01:31:22.064Z",
        "modified": "2016-04-18T01:31:22.064Z",
        "active": true,
        "name": "Pano Copa Curry",
        "bill": 26,
        "value": "6.25",
        "amount": 2,
        "user": null,
        "extra_info": ""
    }
},
{
    "model": "boleto.item",
    "pk": 55,
    "fields": {
        "created": "2016-04-18T01:34:00.244Z",
        "modified": "2016-04-18T01:34:00.244Z",
        "active": true,
        "name": "Consumo",
        "bill": 27,
        "value": "29.07",
        "amount": 1,
        "user": null,
        "extra_info": ""
    }
},
{
    "model": "boleto.item",
    "pk": 56,
    "fields": {
        "created": "2016-04-18T01:36:08.950Z",
        "modified": "2016-04-18T01:36:08.950Z",
        "active": true,
        "name": "P\u00e3o Aipim",
        "bill": 28,
        "value": "5.49",
        "amount": 1,
        "user": null,
        "extra_info": ""
    }
},
{
    "model": "boleto.item",
    "pk": 57,
    "fields": {
        "created": "2016-04-18T01:44:33.692Z",
        "modified": "2016-04-18T01:44:33.692Z",
        "active": true,
        "name": "Fita  Silver Tape",
        "bill": 29,
        "value": "12.50",
        "amount": 1,
        "user": null,
        "extra_info": ""
    }
},
{
    "model": "boleto.item",
    "pk": 58,
    "fields": {
        "created": "2016-04-18T01:44:33.694Z",
        "modified": "2016-04-18T01:44:33.694Z",
        "active": true,
        "name": "SuperBonder",
        "bill": 29,
        "value": "22.90",
        "amount": 1,
        "user": null,
        "extra_info": ""
    }
},
{
    "model": "boleto.item",
    "pk": 59,
    "fields": {
        "created": "2016-04-18T01:44:33.694Z",
        "modified": "2016-04-18T01:44:33.694Z",
        "active": true,
        "name": "Adesivo Precis\u00e3o",
        "bill": 29,
        "value": "7.90",
        "amount": 1,
        "user": null,
        "extra_info": ""
    }
},
{
    "model": "boleto.item",
    "pk": 60,
    "fields": {
        "created": "2016-04-18T01:44:33.695Z",
        "modified": "2016-04-18T01:44:33.695Z",
        "active": true,
        "name": "Pino Adaptador Tomada",
        "bill": 29,
        "value": "3.50",
        "amount": 2,
        "user": null,
        "extra_info": ""
    }
},
{
    "model": "boleto.item",
    "pk": 61,
    "fields": {
        "created": "2016-04-18T01:49:09.149Z",
        "modified": "2016-04-18T01:49:09.149Z",
        "active": true,
        "name": "Mix & Match waves Prato",
        "bill": 30,
        "value": "19.90",
        "amount": 1,
        "user": null,
        "extra_info": ""
    }
},
{
    "model": "boleto.item",
    "pk": 62,
    "fields": {
        "created": "2016-04-18T01:49:09.150Z",
        "modified": "2016-04-18T01:49:09.150Z",
        "active": true,
        "name": "Rodo Pia",
        "bill": 30,
        "value": "9.90",
        "amount": 1,
        "user": null,
        "extra_info": ""
    }
},
{
    "model": "boleto.item",
    "pk": 63,
    "fields": {
        "created": "2016-04-18T01:49:09.151Z",
        "modified": "2016-04-18T01:49:09.151Z",
        "active": true,
        "name": "Jg Pano de Copa",
        "bill": 30,
        "value": "29.90",
        "amount": 1,
        "user": null,
        "extra_info": ""
    }
},
{
    "model": "boleto.item",
    "pk": 64,
    "fields": {
        "created": "2016-04-18T01:49:09.152Z",
        "modified": "2016-04-18T01:49:09.152Z",
        "active": true,
        "name": "Mix & Match waves Prato",
        "bill": 30,
        "value": "9.90",
        "amount": 1,
        "user": null,
        "extra_info": ""
    }
},
{
    "model": "boleto.item",
    "pk": 65,
    "fields": {
        "created": "2016-04-23T02:43:18.197Z",
        "modified": "2016-04-23T02:43:18.197Z",
        "active": true,
        "name": "Ventilador Britania Col",
        "bill": 31,
        "value": "299.00",
        "amount": 1,
        "user": null,
        "extra_info": ""
    }
},
{
    "model": "boleto.item",
    "pk": 66,
    "fields": {
        "created": "2016-04-23T02:43:18.210Z",
        "modified": "2016-04-23T02:43:38.517Z",
        "active": true,
        "name": "Desconto",
        "bill": 31,
        "value": "-20.00",
        "amount": 1,
        "user": null,
        "extra_info": ""
    }
},
{
    "model": "boleto.item",
    "pk": 67,
    "fields": {
        "created": "2016-04-23T02:48:14.589Z",
        "modified": "2016-04-23T02:48:14.589Z",
        "active": true,
        "name": "Ice Tea Leao",
        "bill": 32,
        "value": "4.89",
        "amount": 3,
        "user": null,
        "extra_info": ""
    }
},
{
    "model": "boleto.item",
    "pk": 68,
    "fields": {
        "created": "2016-04-23T02:48:14.590Z",
        "modified": "2016-04-23T02:48:14.590Z",
        "active": true,
        "name": "Agua de Coco Ducoco",
        "bill": 32,
        "value": "5.69",
        "amount": 10,
        "user": null,
        "extra_info": ""
    }
},
{
    "model": "boleto.item",
    "pk": 69,
    "fields": {
        "created": "2016-04-23T02:53:06.530Z",
        "modified": "2016-04-23T02:53:06.530Z",
        "active": true,
        "name": "Salgado",
        "bill": 33,
        "value": "4.99",
        "amount": 2,
        "user": 1,
        "extra_info": ""
    }
},
{
    "model": "boleto.item",
    "pk": 70,
    "fields": {
        "created": "2016-04-23T02:56:45.850Z",
        "modified": "2016-04-23T02:56:45.850Z",
        "active": true,
        "name": "P\u00e3o Aipim",
        "bill": 34,
        "value": "5.49",
        "amount": 1,
        "user": null,
        "extra_info": ""
    }
},
{
    "model": "boleto.item",
    "pk": 71,
    "fields": {
        "created": "2016-04-23T02:56:45.852Z",
        "modified": "2016-04-23T02:56:45.852Z",
        "active": true,
        "name": "Amendoin Dori",
        "bill": 34,
        "value": "2.89",
        "amount": 1,
        "user": null,
        "extra_info": ""
    }
},
{
    "model": "boleto.item",
    "pk": 72,
    "fields": {
        "created": "2016-04-23T02:56:45.853Z",
        "modified": "2016-04-23T02:56:45.853Z",
        "active": true,
        "name": "Apresuntado Fajofa",
        "bill": 34,
        "value": "3.29",
        "amount": 1,
        "user": null,
        "extra_info": ""
    }
},
{
    "model": "boleto.item",
    "pk": 73,
    "fields": {
        "created": "2016-04-23T02:58:47.033Z",
        "modified": "2016-04-23T02:58:47.033Z",
        "active": true,
        "name": "Margadira",
        "bill": 35,
        "value": "17.00",
        "amount": 1,
        "user": null,
        "extra_info": ""
    }
},
{
    "model": "boleto.item",
    "pk": 74,
    "fields": {
        "created": "2016-04-23T03:00:42.263Z",
        "modified": "2016-04-23T03:01:37.456Z",
        "active": true,
        "name": "Creme Revitalizante Intensivo",
        "bill": 36,
        "value": "140.00",
        "amount": 1,
        "user": null,
        "extra_info": "Creme pro rosto"
    }
},
{
    "model": "boleto.item",
    "pk": 75,
    "fields": {
        "created": "2016-04-23T03:03:17.176Z",
        "modified": "2016-04-23T03:03:17.176Z",
        "active": true,
        "name": "Forma para gelo",
        "bill": 37,
        "value": "9.90",
        "amount": 1,
        "user": null,
        "extra_info": ""
    }
},
{
    "model": "boleto.item",
    "pk": 76,
    "fields": {
        "created": "2016-04-23T03:03:17.177Z",
        "modified": "2016-04-23T03:03:17.177Z",
        "active": true,
        "name": "Copo americano 190ml",
        "bill": 37,
        "value": "1.50",
        "amount": 6,
        "user": null,
        "extra_info": ""
    }
},
{
    "model": "boleto.item",
    "pk": 77,
    "fields": {
        "created": "2016-04-23T03:03:17.178Z",
        "modified": "2016-04-23T03:03:17.178Z",
        "active": true,
        "name": "Tesoura Uso Geral Tramontina",
        "bill": 37,
        "value": "14.90",
        "amount": 1,
        "user": null,
        "extra_info": ""
    }
},
{
    "model": "boleto.item",
    "pk": 78,
    "fields": {
        "created": "2016-04-23T03:05:12.587Z",
        "modified": "2016-04-23T03:05:12.587Z",
        "active": true,
        "name": "Varal de Ch\u00e3o Windy",
        "bill": 38,
        "value": "59.90",
        "amount": 1,
        "user": null,
        "extra_info": ""
    }
},
{
    "model": "boleto.item",
    "pk": 79,
    "fields": {
        "created": "2016-04-23T03:08:49.877Z",
        "modified": "2016-04-23T03:08:49.877Z",
        "active": true,
        "name": "Golden Wafle",
        "bill": 39,
        "value": "109.90",
        "amount": 1,
        "user": null,
        "extra_info": ""
    }
},
{
    "model": "boleto.item",
    "pk": 80,
    "fields": {
        "created": "2016-04-23T03:08:49.879Z",
        "modified": "2016-04-23T03:08:49.879Z",
        "active": true,
        "name": "Sanduicheira",
        "bill": 39,
        "value": "109.90",
        "amount": 1,
        "user": null,
        "extra_info": ""
    }
},
{
    "model": "boleto.item",
    "pk": 81,
    "fields": {
        "created": "2016-04-23T03:08:49.880Z",
        "modified": "2016-04-23T03:08:49.880Z",
        "active": true,
        "name": "Facilita Vap",
        "bill": 39,
        "value": "17.99",
        "amount": 2,
        "user": null,
        "extra_info": "Pote de vidro"
    }
},
{
    "model": "boleto.item",
    "pk": 82,
    "fields": {
        "created": "2016-04-23T03:08:49.881Z",
        "modified": "2016-04-23T03:08:49.881Z",
        "active": true,
        "name": "Lixeira Retro",
        "bill": 39,
        "value": "69.99",
        "amount": 1,
        "user": null,
        "extra_info": ""
    }
},
{
    "model": "boleto.item",
    "pk": 83,
    "fields": {
        "created": "2016-04-23T03:08:49.882Z",
        "modified": "2016-04-23T03:08:49.882Z",
        "active": true,
        "name": "Batedor de Ovos",
        "bill": 39,
        "value": "14.99",
        "amount": 1,
        "user": null,
        "extra_info": ""
    }
},
{
    "model": "boleto.item",
    "pk": 84,
    "fields": {
        "created": "2016-04-23T03:08:49.883Z",
        "modified": "2016-04-23T03:08:49.883Z",
        "active": true,
        "name": "Peneira",
        "bill": 39,
        "value": "12.99",
        "amount": 1,
        "user": null,
        "extra_info": ""
    }
},
{
    "model": "boleto.item",
    "pk": 85,
    "fields": {
        "created": "2016-04-23T03:11:06.124Z",
        "modified": "2016-04-23T03:11:06.124Z",
        "active": true,
        "name": "Escorredor",
        "bill": 40,
        "value": "207.00",
        "amount": 1,
        "user": null,
        "extra_info": ""
    }
},
{
    "model": "boleto.item",
    "pk": 86,
    "fields": {
        "created": "2016-04-23T03:11:06.125Z",
        "modified": "2016-04-23T03:11:06.125Z",
        "active": true,
        "name": "Porta Detergente",
        "bill": 40,
        "value": "86.40",
        "amount": 1,
        "user": null,
        "extra_info": ""
    }
},
{
    "model": "boleto.item",
    "pk": 87,
    "fields": {
        "created": "2016-04-23T03:11:06.126Z",
        "modified": "2016-04-23T03:11:06.126Z",
        "active": true,
        "name": "Devolu\u00e7\u00e3o",
        "bill": 40,
        "value": "-86.40",
        "amount": 1,
        "user": null,
        "extra_info": ""
    }
},
{
    "model": "boleto.item",
    "pk": 88,
    "fields": {
        "created": "2016-04-23T03:12:09.488Z",
        "modified": "2016-04-23T03:12:09.488Z",
        "active": true,
        "name": "Cesto Bamboo",
        "bill": 41,
        "value": "9.99",
        "amount": 1,
        "user": null,
        "extra_info": ""
    }
},
{
    "model": "boleto.item",
    "pk": 89,
    "fields": {
        "created": "2016-04-23T03:12:09.489Z",
        "modified": "2016-04-23T03:12:09.489Z",
        "active": true,
        "name": "Escorredor Massa",
        "bill": 41,
        "value": "12.99",
        "amount": 1,
        "user": null,
        "extra_info": ""
    }
},
{
    "model": "boleto.item",
    "pk": 90,
    "fields": {
        "created": "2016-04-23T03:15:39.798Z",
        "modified": "2016-04-23T03:15:39.798Z",
        "active": true,
        "name": "Preserv Jontex Confort",
        "bill": 42,
        "value": "6.50",
        "amount": 1,
        "user": null,
        "extra_info": ""
    }
},
{
    "model": "boleto.item",
    "pk": 91,
    "fields": {
        "created": "2016-04-23T03:15:39.799Z",
        "modified": "2016-04-23T03:15:39.799Z",
        "active": true,
        "name": "Preserv Jontex Sensitive",
        "bill": 42,
        "value": "11.85",
        "amount": 1,
        "user": null,
        "extra_info": ""
    }
},
{
    "model": "boleto.item",
    "pk": 92,
    "fields": {
        "created": "2016-04-23T03:15:39.800Z",
        "modified": "2016-04-23T03:15:39.800Z",
        "active": true,
        "name": "Desconto",
        "bill": 42,
        "value": "-3.11",
        "amount": 1,
        "user": null,
        "extra_info": ""
    }
},
{
    "model": "boleto.item",
    "pk": 93,
    "fields": {
        "created": "2016-04-23T03:20:26.078Z",
        "modified": "2016-04-23T03:20:26.078Z",
        "active": true,
        "name": "Vassoura Novi\u00e7a com Cabo",
        "bill": 43,
        "value": "21.90",
        "amount": 1,
        "user": null,
        "extra_info": ""
    }
},
{
    "model": "boleto.item",
    "pk": 94,
    "fields": {
        "created": "2016-04-23T03:20:26.080Z",
        "modified": "2016-04-23T03:20:26.080Z",
        "active": true,
        "name": "Pano Esfreg\u00e3o",
        "bill": 43,
        "value": "9.90",
        "amount": 1,
        "user": null,
        "extra_info": ""
    }
},
{
    "model": "boleto.item",
    "pk": 95,
    "fields": {
        "created": "2016-04-23T03:20:26.081Z",
        "modified": "2016-04-23T03:20:26.081Z",
        "active": true,
        "name": "Saco Lixo Pia",
        "bill": 43,
        "value": "10.79",
        "amount": 1,
        "user": null,
        "extra_info": ""
    }
},
{
    "model": "boleto.item",
    "pk": 96,
    "fields": {
        "created": "2016-04-23T03:20:26.082Z",
        "modified": "2016-04-23T03:20:26.082Z",
        "active": true,
        "name": "Touca Banho Plastico",
        "bill": 43,
        "value": "1.99",
        "amount": 1,
        "user": null,
        "extra_info": ""
    }
},
{
    "model": "boleto.item",
    "pk": 97,
    "fields": {
        "created": "2016-04-23T03:20:26.083Z",
        "modified": "2016-04-23T03:20:26.083Z",
        "active": true,
        "name": "Cesto para Pregador",
        "bill": 43,
        "value": "6.99",
        "amount": 1,
        "user": null,
        "extra_info": ""
    }
},
{
    "model": "boleto.item",
    "pk": 98,
    "fields": {
        "created": "2016-04-23T03:20:26.084Z",
        "modified": "2016-04-23T03:20:26.084Z",
        "active": true,
        "name": "Pregador Roupa",
        "bill": 43,
        "value": "11.99",
        "amount": 1,
        "user": null,
        "extra_info": "12 uni"
    }
},
{
    "model": "boleto.item",
    "pk": 99,
    "fields": {
        "created": "2016-04-23T03:20:26.085Z",
        "modified": "2016-04-23T03:20:26.085Z",
        "active": true,
        "name": "Cantoneira Dupla Ventosa",
        "bill": 43,
        "value": "59.90",
        "amount": 1,
        "user": null,
        "extra_info": ""
    }
},
{
    "model": "boleto.item",
    "pk": 100,
    "fields": {
        "created": "2016-04-23T03:36:18.096Z",
        "modified": "2016-04-23T03:36:18.096Z",
        "active": true,
        "name": "Blanquet Peru Sadia",
        "bill": 44,
        "value": "5.21",
        "amount": 1,
        "user": null,
        "extra_info": ""
    }
},
{
    "model": "boleto.item",
    "pk": 101,
    "fields": {
        "created": "2016-04-23T03:36:18.097Z",
        "modified": "2016-04-23T03:39:12.123Z",
        "active": true,
        "name": "Presunto sadia light",
        "bill": 44,
        "value": "4.31",
        "amount": 1,
        "user": null,
        "extra_info": ""
    }
},
{
    "model": "boleto.item",
    "pk": 102,
    "fields": {
        "created": "2016-04-23T03:36:18.098Z",
        "modified": "2016-04-23T03:36:18.098Z",
        "active": true,
        "name": "Manteiga Gran Mestri",
        "bill": 44,
        "value": "5.97",
        "amount": 1,
        "user": null,
        "extra_info": ""
    }
},
{
    "model": "boleto.item",
    "pk": 103,
    "fields": {
        "created": "2016-04-23T03:36:18.099Z",
        "modified": "2016-04-23T03:36:18.099Z",
        "active": true,
        "name": "Macarr\u00e3o Isabela",
        "bill": 44,
        "value": "2.67",
        "amount": 1,
        "user": null,
        "extra_info": ""
    }
},
{
    "model": "boleto.item",
    "pk": 104,
    "fields": {
        "created": "2016-04-23T03:36:18.100Z",
        "modified": "2016-04-23T03:36:18.100Z",
        "active": true,
        "name": "P\u00e3o Caseiro Aipim",
        "bill": 44,
        "value": "5.80",
        "amount": 1,
        "user": null,
        "extra_info": ""
    }
},
{
    "model": "boleto.item",
    "pk": 105,
    "fields": {
        "created": "2016-04-23T03:36:18.100Z",
        "modified": "2016-04-23T03:36:18.100Z",
        "active": true,
        "name": "Ades soja",
        "bill": 44,
        "value": "5.08",
        "amount": 1,
        "user": null,
        "extra_info": ""
    }
},
{
    "model": "boleto.item",
    "pk": 106,
    "fields": {
        "created": "2016-04-23T03:36:18.101Z",
        "modified": "2016-04-23T03:36:18.101Z",
        "active": true,
        "name": "BIscoito Agua e Sal Isabela",
        "bill": 44,
        "value": "4.37",
        "amount": 1,
        "user": null,
        "extra_info": ""
    }
},
{
    "model": "boleto.item",
    "pk": 107,
    "fields": {
        "created": "2016-04-23T03:36:18.102Z",
        "modified": "2016-04-23T03:36:18.102Z",
        "active": true,
        "name": "A\u00e7ucar Caravelas",
        "bill": 44,
        "value": "2.44",
        "amount": 1,
        "user": null,
        "extra_info": ""
    }
},
{
    "model": "boleto.item",
    "pk": 108,
    "fields": {
        "created": "2016-04-23T03:36:18.103Z",
        "modified": "2016-04-23T03:36:18.103Z",
        "active": true,
        "name": "A\u00e7ucar mascavo",
        "bill": 44,
        "value": "5.99",
        "amount": 1,
        "user": null,
        "extra_info": ""
    }
},
{
    "model": "boleto.item",
    "pk": 109,
    "fields": {
        "created": "2016-04-23T03:36:18.103Z",
        "modified": "2016-04-23T03:36:18.103Z",
        "active": true,
        "name": "Tomate salada",
        "bill": 44,
        "value": "1.04",
        "amount": 1,
        "user": null,
        "extra_info": ""
    }
},
{
    "model": "boleto.item",
    "pk": 110,
    "fields": {
        "created": "2016-04-23T03:36:18.104Z",
        "modified": "2016-04-23T03:36:18.104Z",
        "active": true,
        "name": "Abacate",
        "bill": 44,
        "value": "1.92",
        "amount": 1,
        "user": null,
        "extra_info": ""
    }
},
{
    "model": "boleto.item",
    "pk": 111,
    "fields": {
        "created": "2016-04-23T03:36:18.105Z",
        "modified": "2016-04-23T03:36:18.105Z",
        "active": true,
        "name": "Kiwi",
        "bill": 44,
        "value": "9.99",
        "amount": 1,
        "user": null,
        "extra_info": ""
    }
},
{
    "model": "boleto.item",
    "pk": 112,
    "fields": {
        "created": "2016-04-23T03:36:18.106Z",
        "modified": "2016-04-23T03:36:18.106Z",
        "active": true,
        "name": "Ice Tea",
        "bill": 44,
        "value": "5.29",
        "amount": 1,
        "user": null,
        "extra_info": ""
    }
},
{
    "model": "boleto.item",
    "pk": 113,
    "fields": {
        "created": "2016-04-23T03:36:18.106Z",
        "modified": "2016-04-23T03:36:18.106Z",
        "active": true,
        "name": "Ovos Jumbo",
        "bill": 44,
        "value": "5.99",
        "amount": 1,
        "user": null,
        "extra_info": ""
    }
},
{
    "model": "boleto.item",
    "pk": 114,
    "fields": {
        "created": "2016-04-23T03:36:18.107Z",
        "modified": "2016-04-23T03:36:18.107Z",
        "active": true,
        "name": "\u00c1gua mineral",
        "bill": 44,
        "value": "5.98",
        "amount": 1,
        "user": null,
        "extra_info": ""
    }
},
{
    "model": "boleto.item",
    "pk": 115,
    "fields": {
        "created": "2016-04-23T03:36:18.108Z",
        "modified": "2016-04-23T03:36:18.108Z",
        "active": true,
        "name": "Leite coco sococo",
        "bill": 44,
        "value": "4.17",
        "amount": 1,
        "user": null,
        "extra_info": ""
    }
},
{
    "model": "boleto.item",
    "pk": 116,
    "fields": {
        "created": "2016-04-23T03:36:18.109Z",
        "modified": "2016-04-23T03:36:18.109Z",
        "active": true,
        "name": "Milho Verde Oderich",
        "bill": 44,
        "value": "1.97",
        "amount": 1,
        "user": null,
        "extra_info": ""
    }
},
{
    "model": "boleto.item",
    "pk": 117,
    "fields": {
        "created": "2016-04-23T03:36:18.109Z",
        "modified": "2016-04-23T03:36:18.109Z",
        "active": true,
        "name": "Sal Cisne",
        "bill": 44,
        "value": "3.99",
        "amount": 1,
        "user": null,
        "extra_info": ""
    }
},
{
    "model": "boleto.item",
    "pk": 118,
    "fields": {
        "created": "2016-04-23T03:36:18.110Z",
        "modified": "2016-04-23T03:36:18.110Z",
        "active": true,
        "name": "Farinha Trigo Orquidea",
        "bill": 44,
        "value": "2.09",
        "amount": 1,
        "user": null,
        "extra_info": ""
    }
},
{
    "model": "boleto.item",
    "pk": 119,
    "fields": {
        "created": "2016-04-23T03:36:18.111Z",
        "modified": "2016-04-23T03:36:18.111Z",
        "active": true,
        "name": "Azeite Espnahol",
        "bill": 44,
        "value": "11.99",
        "amount": 1,
        "user": null,
        "extra_info": ""
    }
},
{
    "model": "boleto.item",
    "pk": 120,
    "fields": {
        "created": "2016-04-23T03:36:18.111Z",
        "modified": "2016-04-23T03:36:18.111Z",
        "active": true,
        "name": "Fermento Royal",
        "bill": 44,
        "value": "2.47",
        "amount": 1,
        "user": null,
        "extra_info": ""
    }
},
{
    "model": "boleto.item",
    "pk": 121,
    "fields": {
        "created": "2016-04-23T03:36:18.112Z",
        "modified": "2016-04-23T03:36:18.112Z",
        "active": true,
        "name": "Goiabada",
        "bill": 44,
        "value": "3.49",
        "amount": 1,
        "user": null,
        "extra_info": ""
    }
},
{
    "model": "boleto.item",
    "pk": 122,
    "fields": {
        "created": "2016-04-23T03:36:18.113Z",
        "modified": "2016-04-23T03:36:18.113Z",
        "active": true,
        "name": "Alho free",
        "bill": 44,
        "value": "4.98",
        "amount": 1,
        "user": null,
        "extra_info": ""
    }
},
{
    "model": "boleto.item",
    "pk": 123,
    "fields": {
        "created": "2016-04-23T03:36:18.113Z",
        "modified": "2016-04-23T03:36:18.113Z",
        "active": true,
        "name": "Fosforo Fiat Lux",
        "bill": 44,
        "value": "3.59",
        "amount": 1,
        "user": null,
        "extra_info": ""
    }
},
{
    "model": "boleto.item",
    "pk": 124,
    "fields": {
        "created": "2016-04-23T03:36:18.114Z",
        "modified": "2016-04-23T03:36:18.114Z",
        "active": true,
        "name": "Creme dental Colgate",
        "bill": 44,
        "value": "3.25",
        "amount": 1,
        "user": null,
        "extra_info": ""
    }
},
{
    "model": "boleto.item",
    "pk": 125,
    "fields": {
        "created": "2016-04-23T03:36:18.115Z",
        "modified": "2016-04-23T03:36:18.115Z",
        "active": true,
        "name": "Abridor garrafas",
        "bill": 44,
        "value": "2.99",
        "amount": 1,
        "user": null,
        "extra_info": ""
    }
},
{
    "model": "boleto.item",
    "pk": 126,
    "fields": {
        "created": "2016-04-23T03:36:18.115Z",
        "modified": "2016-04-23T03:36:18.115Z",
        "active": true,
        "name": "Hates Cottobaby",
        "bill": 44,
        "value": "1.89",
        "amount": 1,
        "user": null,
        "extra_info": ""
    }
},
{
    "model": "boleto.item",
    "pk": 127,
    "fields": {
        "created": "2016-04-23T03:36:18.116Z",
        "modified": "2016-04-23T03:36:18.116Z",
        "active": true,
        "name": "P\u00e1 lixo",
        "bill": 44,
        "value": "3.99",
        "amount": 1,
        "user": null,
        "extra_info": ""
    }
},
{
    "model": "boleto.item",
    "pk": 128,
    "fields": {
        "created": "2016-04-23T03:36:18.116Z",
        "modified": "2016-04-23T03:36:18.116Z",
        "active": true,
        "name": "Geleia Agreco",
        "bill": 44,
        "value": "13.79",
        "amount": 1,
        "user": null,
        "extra_info": ""
    }
},
{
    "model": "boleto.item",
    "pk": 129,
    "fields": {
        "created": "2016-04-23T03:36:18.117Z",
        "modified": "2016-04-23T03:36:18.117Z",
        "active": true,
        "name": "Coperalcool",
        "bill": 44,
        "value": "3.89",
        "amount": 1,
        "user": null,
        "extra_info": ""
    }
},
{
    "model": "boleto.item",
    "pk": 130,
    "fields": {
        "created": "2016-04-23T03:36:18.118Z",
        "modified": "2016-04-23T03:36:18.118Z",
        "active": true,
        "name": "Amaciante Fofo",
        "bill": 44,
        "value": "7.19",
        "amount": 1,
        "user": null,
        "extra_info": ""
    }
},
{
    "model": "boleto.item",
    "pk": 131,
    "fields": {
        "created": "2016-04-23T03:36:18.118Z",
        "modified": "2016-04-23T03:36:18.118Z",
        "active": true,
        "name": "Lava roupa Omo",
        "bill": 44,
        "value": "12.85",
        "amount": 1,
        "user": null,
        "extra_info": ""
    }
},
{
    "model": "boleto.item",
    "pk": 132,
    "fields": {
        "created": "2016-04-23T03:36:18.119Z",
        "modified": "2016-04-23T03:36:18.119Z",
        "active": true,
        "name": "Limp. Ajax",
        "bill": 44,
        "value": "6.79",
        "amount": 1,
        "user": null,
        "extra_info": ""
    }
},
{
    "model": "boleto.item",
    "pk": 133,
    "fields": {
        "created": "2016-04-23T03:36:18.120Z",
        "modified": "2016-04-23T03:36:18.120Z",
        "active": true,
        "name": "Desinfetante Pinho Sol",
        "bill": 44,
        "value": "4.95",
        "amount": 1,
        "user": null,
        "extra_info": ""
    }
},
{
    "model": "boleto.item",
    "pk": 134,
    "fields": {
        "created": "2016-04-23T03:36:18.120Z",
        "modified": "2016-04-23T03:36:18.120Z",
        "active": true,
        "name": "Pano Mult Prefex",
        "bill": 44,
        "value": "4.85",
        "amount": 1,
        "user": null,
        "extra_info": ""
    }
},
{
    "model": "boleto.item",
    "pk": 135,
    "fields": {
        "created": "2016-04-23T03:36:18.121Z",
        "modified": "2016-04-23T03:36:18.121Z",
        "active": true,
        "name": "Conjunto Frigideira Tramontina",
        "bill": 44,
        "value": "38.90",
        "amount": 1,
        "user": null,
        "extra_info": ""
    }
},
{
    "model": "boleto.item",
    "pk": 136,
    "fields": {
        "created": "2016-04-23T03:36:18.121Z",
        "modified": "2016-04-23T03:36:18.121Z",
        "active": true,
        "name": "Cerveja Brahma Extra",
        "bill": 44,
        "value": "3.18",
        "amount": 2,
        "user": null,
        "extra_info": ""
    }
},
{
    "model": "boleto.item",
    "pk": 137,
    "fields": {
        "created": "2016-04-23T03:36:18.122Z",
        "modified": "2016-04-23T03:38:32.455Z",
        "active": true,
        "name": "Cerveja Eisenbahn 600ml",
        "bill": 44,
        "value": "5.98",
        "amount": 5,
        "user": null,
        "extra_info": ""
    }
},
{
    "model": "boleto.item",
    "pk": 138,
    "fields": {
        "created": "2016-04-23T03:38:32.457Z",
        "modified": "2016-04-23T03:38:32.457Z",
        "active": true,
        "name": "Cerveja Eisenbahn 600ml",
        "bill": 44,
        "value": "0.01",
        "amount": 1,
        "user": null,
        "extra_info": ""
    }
},
{
    "model": "boleto.item",
    "pk": 139,
    "fields": {
        "created": "2016-04-23T03:41:12.424Z",
        "modified": "2016-04-23T03:41:12.425Z",
        "active": true,
        "name": "Troca de chave correios + chave garagem",
        "bill": 45,
        "value": "54.00",
        "amount": 1,
        "user": null,
        "extra_info": ""
    }
}
]
